[{"component":"/dashboard/workplace/index","icon":"icon-dashboard","id":8,"locale":"","pid":0,"redirect":"","requiresAuth":1,"routeName":"home","routePath":"/home","title":"概况","type":1},{"children":[{"component":"/user/setting/index","icon":"","id":70,"locale":"","pid":68,"redirect":"","requiresAuth":1,"routeName":"setting","routePath":"setting","title":"用户设置","type":1},{"component":"/user/info/index","icon":"","id":69,"locale":"","pid":68,"redirect":"","requiresAuth":1,"routeName":"info","routePath":"info","title":"账号信息","type":1}],"component":"LAYOUT","icon":"icon-user","id":68,"locale":"","pid":0,"redirect":"/user/info","requiresAuth":1,"routeName":"user","routePath":"/user","title":"个人中心","type":0}]