[{"children":[{"component":"/wxsys/wxuser/index","icon":"","id":370,"locale":"","pid":369,"redirect":"","requiresAuth":1,"routeName":"wxuser","routePath":"wxuser","title":"微信用户","type":1},{"component":"/wxsys/wxsetting/index","icon":"","id":371,"locale":"","pid":369,"redirect":"","requiresAuth":1,"routeName":"wxsetting","routePath":"wxsetting","title":"账号配置","type":1},{"component":"/wxsys/wxmenu/index","icon":"","id":372,"locale":"","pid":369,"redirect":"","requiresAuth":1,"routeName":"wxmenu","routePath":"wxmenu","title":"公众号菜单","type":1}],"component":"LAYOUT","icon":"svgfont-weixinshezhi","id":369,"locale":"","pid":0,"redirect":"/wxsys/wxuser","requiresAuth":1,"routeName":"wxsys","routePath":"/wxsys","title":"微信管理","type":0}]